,negative count,postive count,neutral count,p percentage,n percentage,p percentage no neutral,n percentage no neutral
abl,10.0,3.0,4.0,0.17647058823529413,0.5882352941176471,0.23076923076923078,0.7692307692307693
abroad,9.0,5.0,1.0,0.3333333333333333,0.6,0.35714285714285715,0.6428571428571429
acceler,8.0,1.0,2.0,0.09090909090909091,0.7272727272727273,0.1111111111111111,0.8888888888888888
accommod,5.0,4.0,4.0,0.3076923076923077,0.38461538461538464,0.4444444444444444,0.5555555555555556
accompani,8.0,5.0,5.0,0.2777777777777778,0.4444444444444444,0.38461538461538464,0.6153846153846154
accord,12.0,9.0,5.0,0.34615384615384615,0.46153846153846156,0.42857142857142855,0.5714285714285714
account,40.0,29.0,11.0,0.3625,0.5,0.42028985507246375,0.5797101449275363
across,26.0,8.0,13.0,0.1702127659574468,0.5531914893617021,0.23529411764705882,0.7647058823529411
action,7.0,3.0,5.0,0.2,0.4666666666666667,0.3,0.7
activ,37.0,29.0,14.0,0.3625,0.4625,0.4393939393939394,0.5606060606060606
actual,4.0,4.0,4.0,0.3333333333333333,0.3333333333333333,0.5,0.5
addit,31.0,9.0,9.0,0.1836734693877551,0.6326530612244898,0.225,0.775
adjust,16.0,13.0,6.0,0.37142857142857144,0.45714285714285713,0.4482758620689655,0.5517241379310345
advanc,17.0,14.0,20.0,0.27450980392156865,0.3333333333333333,0.45161290322580644,0.5483870967741935
advers,9.0,3.0,3.0,0.2,0.6,0.25,0.75
affect,31.0,11.0,13.0,0.2,0.5636363636363636,0.2619047619047619,0.7380952380952381
agenc,6.0,5.0,2.0,0.38461538461538464,0.46153846153846156,0.45454545454545453,0.5454545454545454
agent,7.0,3.0,7.0,0.17647058823529413,0.4117647058823529,0.3,0.7
aggreg,22.0,7.0,8.0,0.1891891891891892,0.5945945945945946,0.2413793103448276,0.7586206896551724
ago,9.0,6.0,4.0,0.3157894736842105,0.47368421052631576,0.4,0.6
agre,20.0,6.0,7.0,0.18181818181818182,0.6060606060606061,0.23076923076923078,0.7692307692307693
agreement,5.0,0.0,6.0,0.0,0.45454545454545453,0.0,1.0
ahead,19.0,12.0,12.0,0.27906976744186046,0.4418604651162791,0.3870967741935484,0.6129032258064516
albeit,7.0,3.0,1.0,0.2727272727272727,0.6363636363636364,0.3,0.7
almost,7.0,14.0,8.0,0.4827586206896552,0.2413793103448276,0.6666666666666666,0.3333333333333333
along,4.0,5.0,2.0,0.45454545454545453,0.36363636363636365,0.5555555555555556,0.4444444444444444
alongsid,5.0,2.0,6.0,0.15384615384615385,0.38461538461538464,0.2857142857142857,0.7142857142857143
alreadi,18.0,3.0,5.0,0.11538461538461539,0.6923076923076923,0.14285714285714285,0.8571428571428571
also,88.0,57.0,43.0,0.30319148936170215,0.46808510638297873,0.3931034482758621,0.6068965517241379
altern,6.0,7.0,1.0,0.5,0.42857142857142855,0.5384615384615384,0.46153846153846156
although,64.0,41.0,41.0,0.2808219178082192,0.4383561643835616,0.3904761904761905,0.6095238095238096
among,12.0,8.0,3.0,0.34782608695652173,0.5217391304347826,0.4,0.6
amount,5.0,5.0,3.0,0.38461538461538464,0.38461538461538464,0.5,0.5
analysi,9.0,3.0,6.0,0.16666666666666666,0.5,0.25,0.75
announc,39.0,26.0,25.0,0.28888888888888886,0.43333333333333335,0.4,0.6
annual,9.0,7.0,3.0,0.3684210526315789,0.47368421052631576,0.4375,0.5625
anoth,18.0,8.0,4.0,0.26666666666666666,0.6,0.3076923076923077,0.6923076923076923
anticip,22.0,11.0,8.0,0.2682926829268293,0.5365853658536586,0.3333333333333333,0.6666666666666666
appar,18.0,10.0,1.0,0.3448275862068966,0.6206896551724138,0.35714285714285715,0.6428571428571429
appear,38.0,28.0,22.0,0.3181818181818182,0.4318181818181818,0.42424242424242425,0.5757575757575758
appetit,10.0,3.0,6.0,0.15789473684210525,0.5263157894736842,0.23076923076923078,0.7692307692307693
appreci,48.0,44.0,28.0,0.36666666666666664,0.4,0.4782608695652174,0.5217391304347826
april,17.0,20.0,10.0,0.425531914893617,0.3617021276595745,0.5405405405405406,0.4594594594594595
area,67.0,61.0,35.0,0.37423312883435583,0.4110429447852761,0.4765625,0.5234375
around,79.0,66.0,47.0,0.34375,0.4114583333333333,0.45517241379310347,0.5448275862068965
asian,6.0,6.0,0.0,0.5,0.5,0.5,0.5
ass,21.0,9.0,5.0,0.2571428571428571,0.6,0.3,0.7
asset,70.0,44.0,37.0,0.2913907284768212,0.46357615894039733,0.38596491228070173,0.6140350877192983
associ,31.0,18.0,12.0,0.29508196721311475,0.5081967213114754,0.3673469387755102,0.6326530612244898
assum,13.0,7.0,0.0,0.35,0.65,0.35,0.65
assumpt,11.0,5.0,4.0,0.25,0.55,0.3125,0.6875
attach,12.0,9.0,4.0,0.36,0.48,0.42857142857142855,0.5714285714285714
attribut,11.0,5.0,3.0,0.2631578947368421,0.5789473684210527,0.3125,0.6875
august,28.0,27.0,23.0,0.34615384615384615,0.358974358974359,0.4909090909090909,0.509090909090909
author,12.0,8.0,7.0,0.2962962962962963,0.4444444444444444,0.4,0.6
autumn,9.0,2.0,4.0,0.13333333333333333,0.6,0.18181818181818182,0.8181818181818182
avail,16.0,4.0,6.0,0.15384615384615385,0.6153846153846154,0.2,0.8
averag,36.0,31.0,26.0,0.3333333333333333,0.3870967741935484,0.4626865671641791,0.5373134328358209
avers,6.0,4.0,3.0,0.3076923076923077,0.46153846153846156,0.4,0.6
back,55.0,19.0,24.0,0.19387755102040816,0.5612244897959183,0.25675675675675674,0.7432432432432432
backdrop,8.0,5.0,5.0,0.2777777777777778,0.4444444444444444,0.38461538461538464,0.6153846153846154
balanc,37.0,18.0,13.0,0.2647058823529412,0.5441176470588235,0.32727272727272727,0.6727272727272727
bank,92.0,60.0,48.0,0.3,0.46,0.39473684210526316,0.6052631578947368
base,15.0,11.0,6.0,0.34375,0.46875,0.4230769230769231,0.5769230769230769
basi,61.0,54.0,44.0,0.33962264150943394,0.3836477987421384,0.46956521739130436,0.5304347826086957
becom,23.0,13.0,8.0,0.29545454545454547,0.5227272727272727,0.3611111111111111,0.6388888888888888
begin,20.0,15.0,8.0,0.3488372093023256,0.46511627906976744,0.42857142857142855,0.5714285714285714
begun,8.0,2.0,3.0,0.15384615384615385,0.6153846153846154,0.2,0.8
believ,6.0,4.0,1.0,0.36363636363636365,0.5454545454545454,0.4,0.6
better,8.0,5.0,4.0,0.29411764705882354,0.47058823529411764,0.38461538461538464,0.6153846153846154
beyond,11.0,6.0,2.0,0.3157894736842105,0.5789473684210527,0.35294117647058826,0.6470588235294118
billion,12.0,3.0,13.0,0.10714285714285714,0.42857142857142855,0.2,0.8
bond,62.0,53.0,39.0,0.34415584415584416,0.4025974025974026,0.4608695652173913,0.5391304347826087
boost,7.0,6.0,0.0,0.46153846153846156,0.5384615384615384,0.46153846153846156,0.5384615384615384
borrow,25.0,11.0,4.0,0.275,0.625,0.3055555555555556,0.6944444444444444
bring,6.0,4.0,2.0,0.3333333333333333,0.5,0.4,0.6
broad,16.0,9.0,6.0,0.2903225806451613,0.5161290322580645,0.36,0.64
broader,11.0,2.0,5.0,0.1111111111111111,0.6111111111111112,0.15384615384615385,0.8461538461538461
broadli,42.0,43.0,28.0,0.3805309734513274,0.37168141592920356,0.5058823529411764,0.49411764705882355
brought,4.0,4.0,6.0,0.2857142857142857,0.2857142857142857,0.5,0.5
budget,6.0,3.0,3.0,0.25,0.5,0.3333333333333333,0.6666666666666666
build,5.0,4.0,3.0,0.3333333333333333,0.4166666666666667,0.4444444444444444,0.5555555555555556
bund,9.0,0.0,2.0,0.0,0.8181818181818182,0.0,1.0
busi,15.0,4.0,13.0,0.125,0.46875,0.21052631578947367,0.7894736842105263
capac,8.0,2.0,1.0,0.18181818181818182,0.7272727272727273,0.2,0.8
capit,21.0,14.0,7.0,0.3333333333333333,0.5,0.4,0.6
case,15.0,11.0,10.0,0.3055555555555556,0.4166666666666667,0.4230769230769231,0.5769230769230769
caus,15.0,9.0,6.0,0.3,0.5,0.375,0.625
cd,7.0,4.0,4.0,0.26666666666666666,0.4666666666666667,0.36363636363636365,0.6363636363636364
central,32.0,30.0,16.0,0.38461538461538464,0.41025641025641024,0.4838709677419355,0.5161290322580645
chang,78.0,53.0,37.0,0.31547619047619047,0.4642857142857143,0.40458015267175573,0.5954198473282443
china,11.0,4.0,7.0,0.18181818181818182,0.5,0.26666666666666666,0.7333333333333333
chine,6.0,1.0,4.0,0.09090909090909091,0.5454545454545454,0.14285714285714285,0.8571428571428571
clear,18.0,11.0,7.0,0.3055555555555556,0.5,0.3793103448275862,0.6206896551724138
close,28.0,22.0,14.0,0.34375,0.4375,0.44,0.56
combin,5.0,6.0,5.0,0.375,0.3125,0.5454545454545454,0.45454545454545453
come,16.0,8.0,10.0,0.23529411764705882,0.47058823529411764,0.3333333333333333,0.6666666666666666
comment,17.0,15.0,7.0,0.38461538461538464,0.4358974358974359,0.46875,0.53125
commerci,9.0,0.0,3.0,0.0,0.75,0.0,1.0
committe,100.0,54.0,48.0,0.26732673267326734,0.49504950495049505,0.35064935064935066,0.6493506493506493
commod,11.0,4.0,2.0,0.23529411764705882,0.6470588235294118,0.26666666666666666,0.7333333333333333
common,6.0,4.0,2.0,0.3333333333333333,0.5,0.4,0.6
commun,6.0,3.0,7.0,0.1875,0.375,0.3333333333333333,0.6666666666666666
compani,38.0,17.0,16.0,0.23943661971830985,0.5352112676056338,0.3090909090909091,0.6909090909090909
compar,35.0,23.0,16.0,0.3108108108108108,0.47297297297297297,0.39655172413793105,0.603448275862069
compens,4.0,4.0,6.0,0.2857142857142857,0.2857142857142857,0.5,0.5
competit,9.0,4.0,2.0,0.26666666666666666,0.6,0.3076923076923077,0.6923076923076923
compon,5.0,2.0,5.0,0.16666666666666666,0.4166666666666667,0.2857142857142857,0.7142857142857143
concern,43.0,27.0,17.0,0.3103448275862069,0.4942528735632184,0.38571428571428573,0.6142857142857143
conclus,7.0,1.0,3.0,0.09090909090909091,0.6363636363636364,0.125,0.875
condit,52.0,19.0,21.0,0.20652173913043478,0.5652173913043478,0.2676056338028169,0.7323943661971831
conduct,4.0,4.0,3.0,0.36363636363636365,0.36363636363636365,0.5,0.5
confid,14.0,5.0,8.0,0.18518518518518517,0.5185185185185185,0.2631578947368421,0.7368421052631579
consequ,7.0,12.0,5.0,0.5,0.2916666666666667,0.631578947368421,0.3684210526315789
consid,6.0,9.0,5.0,0.45,0.3,0.6,0.4
consider,20.0,9.0,6.0,0.2571428571428571,0.5714285714285714,0.3103448275862069,0.6896551724137931
consist,45.0,31.0,27.0,0.30097087378640774,0.4368932038834951,0.40789473684210525,0.5921052631578947
consum,16.0,7.0,9.0,0.21875,0.5,0.30434782608695654,0.6956521739130435
consumpt,10.0,7.0,4.0,0.3333333333333333,0.47619047619047616,0.4117647058823529,0.5882352941176471
contact,29.0,6.0,19.0,0.1111111111111111,0.5370370370370371,0.17142857142857143,0.8285714285714286
contain,6.0,3.0,4.0,0.23076923076923078,0.46153846153846156,0.3333333333333333,0.6666666666666666
context,4.0,3.0,4.0,0.2727272727272727,0.36363636363636365,0.42857142857142855,0.5714285714285714
continu,74.0,49.0,43.0,0.29518072289156627,0.4457831325301205,0.3983739837398374,0.6016260162601627
contract,5.0,6.0,6.0,0.35294117647058826,0.29411764705882354,0.5454545454545454,0.45454545454545453
contrast,24.0,27.0,8.0,0.4576271186440678,0.4067796610169492,0.5294117647058824,0.47058823529411764
contribut,18.0,12.0,7.0,0.32432432432432434,0.4864864864864865,0.4,0.6
corpor,70.0,44.0,30.0,0.3055555555555556,0.4861111111111111,0.38596491228070173,0.6140350877192983
correct,9.0,6.0,4.0,0.3157894736842105,0.47368421052631576,0.4,0.6
correl,6.0,4.0,5.0,0.26666666666666666,0.4,0.4,0.6
correspond,7.0,2.0,2.0,0.18181818181818182,0.6363636363636364,0.2222222222222222,0.7777777777777778
cost,37.0,15.0,14.0,0.22727272727272727,0.5606060606060606,0.28846153846153844,0.7115384615384616
could,57.0,35.0,19.0,0.3153153153153153,0.5135135135135135,0.3804347826086957,0.6195652173913043
council,6.0,3.0,11.0,0.15,0.3,0.3333333333333333,0.6666666666666666
countri,29.0,32.0,21.0,0.3902439024390244,0.35365853658536583,0.5245901639344263,0.47540983606557374
cours,8.0,6.0,3.0,0.35294117647058826,0.47058823529411764,0.42857142857142855,0.5714285714285714
cpi,7.0,9.0,4.0,0.45,0.35,0.5625,0.4375
credit,48.0,17.0,17.0,0.2073170731707317,0.5853658536585366,0.26153846153846155,0.7384615384615385
crisi,11.0,9.0,16.0,0.25,0.3055555555555556,0.45,0.55
currenc,40.0,16.0,18.0,0.21621621621621623,0.5405405405405406,0.2857142857142857,0.7142857142857143
current,39.0,17.0,10.0,0.25757575757575757,0.5909090909090909,0.30357142857142855,0.6964285714285714
curv,19.0,26.0,26.0,0.36619718309859156,0.2676056338028169,0.5777777777777777,0.4222222222222222
cut,27.0,9.0,21.0,0.15789473684210525,0.47368421052631576,0.25,0.75
cycl,10.0,1.0,1.0,0.08333333333333333,0.8333333333333334,0.09090909090909091,0.9090909090909091
cyclic,4.0,4.0,3.0,0.36363636363636365,0.36363636363636365,0.5,0.5
data,58.0,36.0,38.0,0.2727272727272727,0.4393939393939394,0.3829787234042553,0.6170212765957447
date,6.0,10.0,12.0,0.35714285714285715,0.21428571428571427,0.625,0.375
day,27.0,20.0,24.0,0.28169014084507044,0.38028169014084506,0.425531914893617,0.574468085106383
deal,6.0,1.0,7.0,0.07142857142857142,0.42857142857142855,0.14285714285714285,0.8571428571428571
debt,31.0,25.0,15.0,0.352112676056338,0.43661971830985913,0.44642857142857145,0.5535714285714286
decad,6.0,4.0,3.0,0.3076923076923077,0.46153846153846156,0.4,0.6
decemb,24.0,13.0,12.0,0.2653061224489796,0.4897959183673469,0.35135135135135137,0.6486486486486487
decis,20.0,13.0,12.0,0.28888888888888886,0.4444444444444444,0.3939393939393939,0.6060606060606061
declin,41.0,35.0,26.0,0.3431372549019608,0.4019607843137255,0.4605263157894737,0.5394736842105263
decreas,4.0,9.0,3.0,0.5625,0.25,0.6923076923076923,0.3076923076923077
default,24.0,7.0,3.0,0.20588235294117646,0.7058823529411765,0.22580645161290322,0.7741935483870968
deficit,15.0,12.0,0.0,0.4444444444444444,0.5555555555555556,0.4444444444444444,0.5555555555555556
degre,13.0,11.0,4.0,0.39285714285714285,0.4642857142857143,0.4583333333333333,0.5416666666666666
demand,52.0,18.0,23.0,0.1935483870967742,0.5591397849462365,0.2571428571428571,0.7428571428571429
denomin,9.0,5.0,0.0,0.35714285714285715,0.6428571428571429,0.35714285714285715,0.6428571428571429
depend,10.0,5.0,2.0,0.29411764705882354,0.5882352941176471,0.3333333333333333,0.6666666666666666
deposit,9.0,5.0,7.0,0.23809523809523808,0.42857142857142855,0.35714285714285715,0.6428571428571429
depreci,52.0,33.0,25.0,0.3,0.4727272727272727,0.38823529411764707,0.611764705882353
deriv,20.0,11.0,4.0,0.3142857142857143,0.5714285714285714,0.3548387096774194,0.6451612903225806
despit,25.0,22.0,14.0,0.36065573770491804,0.4098360655737705,0.46808510638297873,0.5319148936170213
deterior,23.0,7.0,7.0,0.1891891891891892,0.6216216216216216,0.23333333333333334,0.7666666666666667
develop,51.0,31.0,23.0,0.29523809523809524,0.4857142857142857,0.3780487804878049,0.6219512195121951
differ,22.0,13.0,5.0,0.325,0.55,0.37142857142857144,0.6285714285714286
differenti,10.0,10.0,3.0,0.43478260869565216,0.43478260869565216,0.5,0.5
difficult,28.0,11.0,5.0,0.25,0.6363636363636364,0.28205128205128205,0.717948717948718
direct,14.0,6.0,4.0,0.25,0.5833333333333334,0.3,0.7
discus,38.0,14.0,9.0,0.22950819672131148,0.6229508196721312,0.2692307692307692,0.7307692307692307
distribut,5.0,4.0,2.0,0.36363636363636365,0.45454545454545453,0.4444444444444444,0.5555555555555556
diverg,9.0,2.0,5.0,0.125,0.5625,0.18181818181818182,0.8181818181818182
dollar,58.0,48.0,31.0,0.35036496350364965,0.4233576642335766,0.4528301886792453,0.5471698113207547
domest,37.0,15.0,19.0,0.2112676056338028,0.5211267605633803,0.28846153846153844,0.7115384615384616
downgrad,9.0,1.0,4.0,0.07142857142857142,0.6428571428571429,0.1,0.9
downsid,27.0,6.0,8.0,0.14634146341463414,0.6585365853658537,0.18181818181818182,0.8181818181818182
downward,29.0,10.0,4.0,0.23255813953488372,0.6744186046511628,0.2564102564102564,0.7435897435897436
drift,4.0,5.0,2.0,0.45454545454545453,0.36363636363636365,0.5555555555555556,0.4444444444444444
driven,7.0,4.0,7.0,0.2222222222222222,0.3888888888888889,0.36363636363636365,0.6363636363636364
drop,8.0,3.0,2.0,0.23076923076923078,0.6153846153846154,0.2727272727272727,0.7272727272727273
due,10.0,3.0,3.0,0.1875,0.625,0.23076923076923078,0.7692307692307693
ea,16.0,12.0,10.0,0.3157894736842105,0.42105263157894735,0.42857142857142855,0.5714285714285714
earli,37.0,19.0,13.0,0.2753623188405797,0.5362318840579711,0.3392857142857143,0.6607142857142857
earlier,26.0,22.0,17.0,0.3384615384615385,0.4,0.4583333333333333,0.5416666666666666
earn,28.0,16.0,9.0,0.3018867924528302,0.5283018867924528,0.36363636363636365,0.6363636363636364
ecb,26.0,13.0,27.0,0.19696969696969696,0.3939393939393939,0.3333333333333333,0.6666666666666666
econom,43.0,36.0,17.0,0.375,0.4479166666666667,0.45569620253164556,0.5443037974683544
economi,66.0,35.0,40.0,0.24822695035460993,0.46808510638297873,0.3465346534653465,0.6534653465346535
economist,31.0,22.0,15.0,0.3235294117647059,0.45588235294117646,0.41509433962264153,0.5849056603773585
edg,5.0,7.0,4.0,0.4375,0.3125,0.5833333333333334,0.4166666666666667
effect,95.0,69.0,39.0,0.3399014778325123,0.46798029556650245,0.42073170731707316,0.5792682926829268
either,11.0,6.0,2.0,0.3157894736842105,0.5789473684210527,0.35294117647058826,0.6470588235294118
elect,5.0,7.0,12.0,0.2916666666666667,0.20833333333333334,0.5833333333333334,0.4166666666666667
elev,19.0,7.0,6.0,0.21875,0.59375,0.2692307692307692,0.7307692307692307
elsewher,5.0,5.0,4.0,0.35714285714285715,0.35714285714285715,0.5,0.5
emerg,28.0,13.0,14.0,0.23636363636363636,0.509090909090909,0.3170731707317073,0.6829268292682927
employ,16.0,3.0,5.0,0.125,0.6666666666666666,0.15789473684210525,0.8421052631578947
end,47.0,28.0,32.0,0.2616822429906542,0.4392523364485981,0.37333333333333335,0.6266666666666667
energi,7.0,3.0,2.0,0.25,0.5833333333333334,0.3,0.7
england,7.0,5.0,1.0,0.38461538461538464,0.5384615384615384,0.4166666666666667,0.5833333333333334
equilibrium,8.0,3.0,0.0,0.2727272727272727,0.7272727272727273,0.2727272727272727,0.7272727272727273
equiti,89.0,68.0,47.0,0.3333333333333333,0.4362745098039216,0.43312101910828027,0.5668789808917197
equival,16.0,5.0,11.0,0.15625,0.5,0.23809523809523808,0.7619047619047619
eri,17.0,29.0,12.0,0.5,0.29310344827586204,0.6304347826086957,0.3695652173913043
especi,20.0,8.0,9.0,0.21621621621621623,0.5405405405405406,0.2857142857142857,0.7142857142857143
estim,23.0,10.0,9.0,0.23809523809523808,0.5476190476190477,0.30303030303030304,0.696969696969697
eu,10.0,11.0,4.0,0.44,0.4,0.5238095238095238,0.47619047619047616
euro,81.0,67.0,38.0,0.3602150537634409,0.43548387096774194,0.4527027027027027,0.5472972972972973
europ,11.0,3.0,2.0,0.1875,0.6875,0.21428571428571427,0.7857142857142857
european,40.0,20.0,14.0,0.2702702702702703,0.5405405405405406,0.3333333333333333,0.6666666666666666
even,17.0,11.0,12.0,0.275,0.425,0.39285714285714285,0.6071428571428571
event,14.0,4.0,13.0,0.12903225806451613,0.45161290322580644,0.2222222222222222,0.7777777777777778
evid,34.0,14.0,24.0,0.19444444444444445,0.4722222222222222,0.2916666666666667,0.7083333333333334
exampl,17.0,13.0,5.0,0.37142857142857144,0.4857142857142857,0.43333333333333335,0.5666666666666667
except,5.0,10.0,4.0,0.5263157894736842,0.2631578947368421,0.6666666666666666,0.3333333333333333
exchang,85.0,66.0,43.0,0.3402061855670103,0.4381443298969072,0.4370860927152318,0.5629139072847682
expand,7.0,1.0,4.0,0.08333333333333333,0.5833333333333334,0.125,0.875
expect,99.0,75.0,56.0,0.32608695652173914,0.43043478260869567,0.43103448275862066,0.5689655172413793
explain,11.0,14.0,10.0,0.4,0.3142857142857143,0.56,0.44
explan,24.0,21.0,1.0,0.45652173913043476,0.5217391304347826,0.4666666666666667,0.5333333333333333
export,9.0,5.0,3.0,0.29411764705882354,0.5294117647058824,0.35714285714285715,0.6428571428571429
exposur,10.0,4.0,3.0,0.23529411764705882,0.5882352941176471,0.2857142857142857,0.7142857142857143
extend,9.0,5.0,5.0,0.2631578947368421,0.47368421052631576,0.35714285714285715,0.6428571428571429
extent,29.0,9.0,4.0,0.21428571428571427,0.6904761904761905,0.23684210526315788,0.7631578947368421
extern,15.0,7.0,3.0,0.28,0.6,0.3181818181818182,0.6818181818181818
face,17.0,3.0,5.0,0.12,0.68,0.15,0.85
facil,12.0,3.0,4.0,0.15789473684210525,0.631578947368421,0.2,0.8
fact,9.0,6.0,1.0,0.375,0.5625,0.4,0.6
factor,41.0,15.0,20.0,0.19736842105263158,0.5394736842105263,0.26785714285714285,0.7321428571428571
fairli,2.0,4.0,6.0,0.3333333333333333,0.16666666666666666,0.6666666666666666,0.3333333333333333
fall,82.0,51.0,37.0,0.3,0.4823529411764706,0.38345864661654133,0.6165413533834586
fallen,90.0,66.0,52.0,0.3173076923076923,0.4326923076923077,0.4230769230769231,0.5769230769230769
far,27.0,6.0,4.0,0.16216216216216217,0.7297297297297297,0.18181818181818182,0.8181818181818182
faster,9.0,1.0,4.0,0.07142857142857142,0.6428571428571429,0.1,0.9
favour,9.0,3.0,1.0,0.23076923076923078,0.6923076923076923,0.25,0.75
februari,35.0,19.0,17.0,0.2676056338028169,0.49295774647887325,0.35185185185185186,0.6481481481481481
feder,27.0,19.0,17.0,0.30158730158730157,0.42857142857142855,0.41304347826086957,0.5869565217391305
fell,5.0,2.0,7.0,0.14285714285714285,0.35714285714285715,0.2857142857142857,0.7142857142857143
fifteen,7.0,4.0,4.0,0.26666666666666666,0.4666666666666667,0.36363636363636365,0.6363636363636364
figur,7.0,2.0,6.0,0.13333333333333333,0.4666666666666667,0.2222222222222222,0.7777777777777778
final,10.0,2.0,2.0,0.14285714285714285,0.7142857142857143,0.16666666666666666,0.8333333333333334
financ,14.0,4.0,3.0,0.19047619047619047,0.6666666666666666,0.2222222222222222,0.7777777777777778
financi,92.0,52.0,40.0,0.2826086956521739,0.5,0.3611111111111111,0.6388888888888888
firm,11.0,11.0,9.0,0.3548387096774194,0.3548387096774194,0.5,0.5
first,43.0,23.0,25.0,0.25274725274725274,0.4725274725274725,0.3484848484848485,0.6515151515151515
fiscal,22.0,18.0,6.0,0.391304347826087,0.4782608695652174,0.45,0.55
five,23.0,5.0,15.0,0.11627906976744186,0.5348837209302325,0.17857142857142858,0.8214285714285714
fix,7.0,2.0,2.0,0.18181818181818182,0.6363636363636364,0.2222222222222222,0.7777777777777778
flat,7.0,7.0,8.0,0.3181818181818182,0.3181818181818182,0.5,0.5
flow,8.0,7.0,7.0,0.3181818181818182,0.36363636363636365,0.4666666666666667,0.5333333333333333
focu,9.0,5.0,1.0,0.3333333333333333,0.6,0.35714285714285715,0.6428571428571429
focus,13.0,5.0,7.0,0.2,0.52,0.2777777777777778,0.7222222222222222
follow,46.0,34.0,35.0,0.2956521739130435,0.4,0.425,0.575
fomc,17.0,16.0,19.0,0.3076923076923077,0.3269230769230769,0.48484848484848486,0.5151515151515151
forc,7.0,2.0,3.0,0.16666666666666666,0.5833333333333334,0.2222222222222222,0.7777777777777778
forecast,26.0,20.0,6.0,0.38461538461538464,0.5,0.43478260869565216,0.5652173913043478
foreign,20.0,8.0,11.0,0.20512820512820512,0.5128205128205128,0.2857142857142857,0.7142857142857143
forward,59.0,33.0,33.0,0.264,0.472,0.358695652173913,0.6413043478260869
fragil,7.0,1.0,4.0,0.08333333333333333,0.5833333333333334,0.125,0.875
free,13.0,5.0,5.0,0.21739130434782608,0.5652173913043478,0.2777777777777778,0.7222222222222222
ftse,30.0,32.0,21.0,0.3855421686746988,0.3614457831325301,0.5161290322580645,0.4838709677419355
fulli,8.0,15.0,21.0,0.3409090909090909,0.18181818181818182,0.6521739130434783,0.34782608695652173
function,9.0,2.0,5.0,0.125,0.5625,0.18181818181818182,0.8181818181818182
fund,49.0,28.0,28.0,0.26666666666666666,0.4666666666666667,0.36363636363636365,0.6363636363636364
futur,39.0,21.0,20.0,0.2625,0.4875,0.35,0.65
gain,11.0,2.0,2.0,0.13333333333333333,0.7333333333333333,0.15384615384615385,0.8461538461538461
gdp,15.0,8.0,7.0,0.26666666666666666,0.5,0.34782608695652173,0.6521739130434783
gener,46.0,30.0,26.0,0.29411764705882354,0.45098039215686275,0.39473684210526316,0.6052631578947368
geopolit,6.0,1.0,4.0,0.09090909090909091,0.5454545454545454,0.14285714285714285,0.8571428571428571
german,19.0,17.0,10.0,0.3695652173913043,0.41304347826086957,0.4722222222222222,0.5277777777777778
germani,8.0,3.0,11.0,0.13636363636363635,0.36363636363636365,0.2727272727272727,0.7272727272727273
gilt,23.0,14.0,14.0,0.27450980392156865,0.45098039215686275,0.3783783783783784,0.6216216216216216
given,33.0,20.0,9.0,0.3225806451612903,0.532258064516129,0.37735849056603776,0.6226415094339622
global,44.0,30.0,31.0,0.2857142857142857,0.41904761904761906,0.40540540540540543,0.5945945945945946
good,10.0,4.0,2.0,0.25,0.625,0.2857142857142857,0.7142857142857143
govern,47.0,43.0,34.0,0.3467741935483871,0.3790322580645161,0.4777777777777778,0.5222222222222223
grade,26.0,14.0,12.0,0.2692307692307692,0.5,0.35,0.65
gradual,7.0,5.0,4.0,0.3125,0.4375,0.4166666666666667,0.5833333333333334
greater,28.0,15.0,15.0,0.25862068965517243,0.4827586206896552,0.3488372093023256,0.6511627906976745
greec,8.0,3.0,4.0,0.2,0.5333333333333333,0.2727272727272727,0.7272727272727273
greek,8.0,4.0,5.0,0.23529411764705882,0.47058823529411764,0.3333333333333333,0.6666666666666666
gross,10.0,2.0,4.0,0.125,0.625,0.16666666666666666,0.8333333333333334
grow,13.0,8.0,6.0,0.2962962962962963,0.48148148148148145,0.38095238095238093,0.6190476190476191
growth,57.0,34.0,31.0,0.2786885245901639,0.4672131147540984,0.37362637362637363,0.6263736263736264
guidanc,4.0,3.0,12.0,0.15789473684210525,0.21052631578947367,0.42857142857142855,0.5714285714285714
half,23.0,10.0,12.0,0.2222222222222222,0.5111111111111111,0.30303030303030304,0.696969696969697
hand,10.0,3.0,2.0,0.2,0.6666666666666666,0.23076923076923078,0.7692307692307693
heighten,14.0,9.0,5.0,0.32142857142857145,0.5,0.391304347826087,0.6086956521739131
held,2.0,5.0,5.0,0.4166666666666667,0.16666666666666666,0.7142857142857143,0.2857142857142857
help,16.0,7.0,5.0,0.25,0.5714285714285714,0.30434782608695654,0.6956521739130435
high,35.0,25.0,23.0,0.30120481927710846,0.42168674698795183,0.4166666666666667,0.5833333333333334
higher,57.0,44.0,28.0,0.34108527131782945,0.4418604651162791,0.43564356435643564,0.5643564356435643
highest,10.0,7.0,5.0,0.3181818181818182,0.45454545454545453,0.4117647058823529,0.5882352941176471
highli,7.0,2.0,6.0,0.13333333333333333,0.4666666666666667,0.2222222222222222,0.7777777777777778
histor,13.0,17.0,11.0,0.4146341463414634,0.3170731707317073,0.5666666666666667,0.43333333333333335
hold,22.0,8.0,7.0,0.21621621621621623,0.5945945945945946,0.26666666666666666,0.7333333333333333
horizon,10.0,7.0,9.0,0.2692307692307692,0.38461538461538464,0.4117647058823529,0.5882352941176471
hous,16.0,7.0,5.0,0.25,0.5714285714285714,0.30434782608695654,0.6956521739130435
household,13.0,10.0,12.0,0.2857142857142857,0.37142857142857144,0.43478260869565216,0.5652173913043478
howev,47.0,25.0,24.0,0.2604166666666667,0.4895833333333333,0.3472222222222222,0.6527777777777778
identifi,7.0,3.0,5.0,0.2,0.4666666666666667,0.3,0.7
imf,7.0,7.0,2.0,0.4375,0.4375,0.5,0.5
immedi,21.0,14.0,20.0,0.2545454545454545,0.38181818181818183,0.4,0.6
impact,35.0,18.0,22.0,0.24,0.4666666666666667,0.33962264150943394,0.660377358490566
impli,60.0,49.0,38.0,0.3333333333333333,0.40816326530612246,0.44954128440366975,0.5504587155963303
implic,19.0,9.0,5.0,0.2727272727272727,0.5757575757575758,0.32142857142857145,0.6785714285714286
import,25.0,11.0,6.0,0.2619047619047619,0.5952380952380952,0.3055555555555556,0.6944444444444444
improv,38.0,16.0,14.0,0.23529411764705882,0.5588235294117647,0.2962962962962963,0.7037037037037037
includ,36.0,13.0,17.0,0.19696969696969696,0.5454545454545454,0.2653061224489796,0.7346938775510204
incom,13.0,3.0,5.0,0.14285714285714285,0.6190476190476191,0.1875,0.8125
incorpor,9.0,3.0,1.0,0.23076923076923078,0.6923076923076923,0.25,0.75
increas,94.0,69.0,52.0,0.3209302325581395,0.4372093023255814,0.4233128834355828,0.5766871165644172
index,68.0,64.0,41.0,0.3699421965317919,0.3930635838150289,0.48484848484848486,0.5151515151515151
indic,64.0,43.0,43.0,0.2866666666666667,0.4266666666666667,0.40186915887850466,0.5981308411214953
individu,8.0,2.0,2.0,0.16666666666666666,0.6666666666666666,0.2,0.8
industri,11.0,3.0,9.0,0.13043478260869565,0.4782608695652174,0.21428571428571427,0.7857142857142857
inflat,88.0,70.0,48.0,0.33980582524271846,0.42718446601941745,0.4430379746835443,0.5569620253164557
inflationari,8.0,2.0,7.0,0.11764705882352941,0.47058823529411764,0.2,0.8
influenc,29.0,3.0,9.0,0.07317073170731707,0.7073170731707317,0.09375,0.90625
inform,14.0,6.0,5.0,0.24,0.56,0.3,0.7
initi,9.0,8.0,9.0,0.3076923076923077,0.34615384615384615,0.47058823529411764,0.5294117647058824
instantan,10.0,1.0,11.0,0.045454545454545456,0.45454545454545453,0.09090909090909091,0.9090909090909091
institut,17.0,4.0,4.0,0.16,0.68,0.19047619047619047,0.8095238095238095
instrument,10.0,6.0,4.0,0.3,0.5,0.375,0.625
intellig,12.0,5.0,11.0,0.17857142857142858,0.42857142857142855,0.29411764705882354,0.7058823529411765
intensifi,8.0,2.0,1.0,0.18181818181818182,0.7272727272727273,0.2,0.8
interbank,7.0,8.0,1.0,0.5,0.4375,0.5333333333333333,0.4666666666666667
interest,87.0,72.0,42.0,0.3582089552238806,0.43283582089552236,0.4528301886792453,0.5471698113207547
intern,48.0,29.0,29.0,0.27358490566037735,0.4528301886792453,0.37662337662337664,0.6233766233766234
interpret,15.0,14.0,6.0,0.4,0.42857142857142855,0.4827586206896552,0.5172413793103449
introduct,11.0,1.0,1.0,0.07692307692307693,0.8461538461538461,0.08333333333333333,0.9166666666666666
invest,43.0,28.0,18.0,0.3146067415730337,0.48314606741573035,0.39436619718309857,0.6056338028169014
investor,31.0,17.0,12.0,0.2833333333333333,0.5166666666666667,0.3541666666666667,0.6458333333333334
issu,23.0,12.0,3.0,0.3157894736842105,0.6052631578947368,0.34285714285714286,0.6571428571428571
issuanc,29.0,19.0,12.0,0.31666666666666665,0.48333333333333334,0.3958333333333333,0.6041666666666666
itali,8.0,2.0,6.0,0.125,0.5,0.2,0.8
italian,14.0,3.0,3.0,0.15,0.7,0.17647058823529413,0.8235294117647058
januari,16.0,15.0,15.0,0.32608695652173914,0.34782608695652173,0.4838709677419355,0.5161290322580645
japan,11.0,11.0,9.0,0.3548387096774194,0.3548387096774194,0.5,0.5
japanes,5.0,4.0,5.0,0.2857142857142857,0.35714285714285715,0.4444444444444444,0.5555555555555556
judg,15.0,5.0,4.0,0.20833333333333334,0.625,0.25,0.75
juli,18.0,13.0,15.0,0.2826086956521739,0.391304347826087,0.41935483870967744,0.5806451612903226
june,13.0,12.0,13.0,0.3157894736842105,0.34210526315789475,0.48,0.52
key,9.0,6.0,4.0,0.3157894736842105,0.47368421052631576,0.4,0.6
kingdom,70.0,58.0,42.0,0.3411764705882353,0.4117647058823529,0.453125,0.546875
labour,18.0,4.0,5.0,0.14814814814814814,0.6666666666666666,0.18181818181818182,0.8181818181818182
larg,47.0,28.0,17.0,0.30434782608695654,0.5108695652173914,0.37333333333333335,0.6266666666666667
larger,18.0,8.0,6.0,0.25,0.5625,0.3076923076923077,0.6923076923076923
largest,9.0,1.0,5.0,0.06666666666666667,0.6,0.1,0.9
last,15.0,13.0,7.0,0.37142857142857144,0.42857142857142855,0.4642857142857143,0.5357142857142857
late,18.0,7.0,10.0,0.2,0.5142857142857142,0.28,0.72
later,10.0,10.0,6.0,0.38461538461538464,0.38461538461538464,0.5,0.5
latest,17.0,10.0,14.0,0.24390243902439024,0.4146341463414634,0.37037037037037035,0.6296296296296297
latter,7.0,4.0,4.0,0.26666666666666666,0.4666666666666667,0.36363636363636365,0.6363636363636364
le,54.0,28.0,18.0,0.28,0.54,0.34146341463414637,0.6585365853658537
lead,24.0,7.0,5.0,0.19444444444444445,0.6666666666666666,0.22580645161290322,0.7741935483870968
least,16.0,16.0,4.0,0.4444444444444444,0.4444444444444444,0.5,0.5
leav,14.0,9.0,5.0,0.32142857142857145,0.5,0.391304347826087,0.6086956521739131
led,14.0,12.0,11.0,0.32432432432432434,0.3783783783783784,0.46153846153846156,0.5384615384615384
left,7.0,5.0,11.0,0.21739130434782608,0.30434782608695654,0.4166666666666667,0.5833333333333334
lend,29.0,8.0,13.0,0.16,0.58,0.21621621621621623,0.7837837837837838
level,73.0,51.0,35.0,0.32075471698113206,0.4591194968553459,0.4112903225806452,0.5887096774193549
libor,20.0,5.0,7.0,0.15625,0.625,0.2,0.8
light,9.0,7.0,0.0,0.4375,0.5625,0.4375,0.5625
like,55.0,34.0,25.0,0.2982456140350877,0.4824561403508772,0.38202247191011235,0.6179775280898876
likelihood,10.0,4.0,7.0,0.19047619047619047,0.47619047619047616,0.2857142857142857,0.7142857142857143
limit,16.0,6.0,10.0,0.1875,0.5,0.2727272727272727,0.7272727272727273
line,15.0,14.0,15.0,0.3181818181818182,0.3409090909090909,0.4827586206896552,0.5172413793103449
link,13.0,13.0,4.0,0.43333333333333335,0.43333333333333335,0.5,0.5
liquid,25.0,16.0,10.0,0.3137254901960784,0.49019607843137253,0.3902439024390244,0.6097560975609756
littl,72.0,58.0,38.0,0.34523809523809523,0.42857142857142855,0.4461538461538462,0.5538461538461539
loan,12.0,4.0,7.0,0.17391304347826086,0.5217391304347826,0.25,0.75
long,33.0,46.0,18.0,0.4742268041237113,0.3402061855670103,0.5822784810126582,0.4177215189873418
longer,65.0,42.0,36.0,0.2937062937062937,0.45454545454545453,0.3925233644859813,0.6074766355140186
look,18.0,6.0,5.0,0.20689655172413793,0.6206896551724138,0.25,0.75
loosen,9.0,0.0,5.0,0.0,0.6428571428571429,0.0,1.0
loss,12.0,1.0,3.0,0.0625,0.75,0.07692307692307693,0.9230769230769231
low,38.0,34.0,27.0,0.3434343434343434,0.3838383838383838,0.4722222222222222,0.5277777777777778
lower,63.0,40.0,30.0,0.3007518796992481,0.47368421052631576,0.3883495145631068,0.6116504854368932
lowest,12.0,8.0,5.0,0.32,0.48,0.4,0.6
macroeconom,9.0,9.0,3.0,0.42857142857142855,0.42857142857142855,0.5,0.5
made,13.0,7.0,6.0,0.2692307692307692,0.5,0.35,0.65
main,23.0,14.0,15.0,0.2692307692307692,0.4423076923076923,0.3783783783783784,0.6216216216216216
mainli,5.0,3.0,4.0,0.25,0.4166666666666667,0.375,0.625
maintain,12.0,3.0,1.0,0.1875,0.75,0.2,0.8
major,52.0,29.0,32.0,0.25663716814159293,0.46017699115044247,0.35802469135802467,0.6419753086419753
make,13.0,4.0,2.0,0.21052631578947367,0.6842105263157895,0.23529411764705882,0.7647058823529411
mani,26.0,20.0,9.0,0.36363636363636365,0.4727272727272727,0.43478260869565216,0.5652173913043478
manufactur,12.0,4.0,5.0,0.19047619047619047,0.5714285714285714,0.25,0.75
march,21.0,16.0,16.0,0.3018867924528302,0.39622641509433965,0.43243243243243246,0.5675675675675675
margin,11.0,3.0,3.0,0.17647058823529413,0.6470588235294118,0.21428571428571427,0.7857142857142857
mark,14.0,13.0,6.0,0.3939393939393939,0.42424242424242425,0.48148148148148145,0.5185185185185185
markedli,11.0,6.0,9.0,0.23076923076923078,0.4230769230769231,0.35294117647058826,0.6470588235294118
market,110.0,77.0,58.0,0.3142857142857143,0.4489795918367347,0.4117647058823529,0.5882352941176471
materi,10.0,12.0,9.0,0.3870967741935484,0.3225806451612903,0.5454545454545454,0.45454545454545453
matur,29.0,23.0,14.0,0.3484848484848485,0.4393939393939394,0.4423076923076923,0.5576923076923077
may,38.0,35.0,26.0,0.35353535353535354,0.3838383838383838,0.4794520547945205,0.5205479452054794
mean,10.0,10.0,3.0,0.43478260869565216,0.43478260869565216,0.5,0.5
meant,11.0,2.0,1.0,0.14285714285714285,0.7857142857142857,0.15384615384615385,0.8461538461538461
measur,43.0,32.0,27.0,0.3137254901960784,0.4215686274509804,0.4266666666666667,0.5733333333333334
median,5.0,2.0,6.0,0.15384615384615385,0.38461538461538464,0.2857142857142857,0.7142857142857143
medium,12.0,16.0,12.0,0.4,0.3,0.5714285714285714,0.42857142857142855
meet,83.0,59.0,43.0,0.31891891891891894,0.4486486486486487,0.4154929577464789,0.5845070422535211
member,27.0,8.0,10.0,0.17777777777777778,0.6,0.22857142857142856,0.7714285714285715
mid,23.0,6.0,11.0,0.15,0.575,0.20689655172413793,0.7931034482758621
middl,17.0,10.0,7.0,0.29411764705882354,0.5,0.37037037037037035,0.6296296296296297
might,64.0,36.0,24.0,0.2903225806451613,0.5161290322580645,0.36,0.64
minut,10.0,12.0,6.0,0.42857142857142855,0.35714285714285715,0.5454545454545454,0.45454545454545453
moder,7.0,1.0,4.0,0.08333333333333333,0.5833333333333334,0.125,0.875
modest,13.0,1.0,9.0,0.043478260869565216,0.5652173913043478,0.07142857142857142,0.9285714285714286
modestli,4.0,4.0,5.0,0.3076923076923077,0.3076923076923077,0.5,0.5
monetari,40.0,36.0,32.0,0.3333333333333333,0.37037037037037035,0.47368421052631576,0.5263157894736842
money,33.0,13.0,9.0,0.23636363636363636,0.6,0.2826086956521739,0.717391304347826
monitor,7.0,1.0,5.0,0.07692307692307693,0.5384615384615384,0.125,0.875
month,97.0,71.0,52.0,0.32272727272727275,0.4409090909090909,0.4226190476190476,0.5773809523809523
moreov,8.0,3.0,3.0,0.21428571428571427,0.5714285714285714,0.2727272727272727,0.7272727272727273
mortgag,24.0,10.0,7.0,0.24390243902439024,0.5853658536585366,0.29411764705882354,0.7058823529411765
move,31.0,34.0,23.0,0.38636363636363635,0.3522727272727273,0.5230769230769231,0.47692307692307695
movement,58.0,46.0,29.0,0.3458646616541353,0.43609022556390975,0.4423076923076923,0.5576923076923077
mpc,34.0,31.0,24.0,0.34831460674157305,0.38202247191011235,0.47692307692307695,0.5230769230769231
much,36.0,20.0,17.0,0.273972602739726,0.4931506849315068,0.35714285714285715,0.6428571428571429
narrow,24.0,11.0,6.0,0.2682926829268293,0.5853658536585366,0.3142857142857143,0.6857142857142857
nation,9.0,6.0,6.0,0.2857142857142857,0.42857142857142855,0.4,0.6
near,21.0,27.0,9.0,0.47368421052631576,0.3684210526315789,0.5625,0.4375
nearli,10.0,11.0,7.0,0.39285714285714285,0.35714285714285715,0.5238095238095238,0.47619047619047616
necessari,10.0,5.0,1.0,0.3125,0.625,0.3333333333333333,0.6666666666666666
need,28.0,9.0,7.0,0.20454545454545456,0.6363636363636364,0.24324324324324326,0.7567567567567568
neg,11.0,4.0,10.0,0.16,0.44,0.26666666666666666,0.7333333333333333
negoti,6.0,5.0,3.0,0.35714285714285715,0.42857142857142855,0.45454545454545453,0.5454545454545454
net,20.0,6.0,8.0,0.17647058823529413,0.5882352941176471,0.23076923076923078,0.7692307692307693
nevertheless,12.0,11.0,9.0,0.34375,0.375,0.4782608695652174,0.5217391304347826
new,29.0,16.0,13.0,0.27586206896551724,0.5,0.35555555555555557,0.6444444444444445
news,31.0,26.0,22.0,0.3291139240506329,0.3924050632911392,0.45614035087719296,0.543859649122807
next,32.0,14.0,12.0,0.2413793103448276,0.5517241379310345,0.30434782608695654,0.6956521739130435
nomin,28.0,26.0,15.0,0.37681159420289856,0.4057971014492754,0.48148148148148145,0.5185185185185185
non,40.0,12.0,11.0,0.19047619047619047,0.6349206349206349,0.23076923076923078,0.7692307692307693
nonetheless,2.0,4.0,5.0,0.36363636363636365,0.18181818181818182,0.6666666666666666,0.3333333333333333
normal,10.0,5.0,3.0,0.2777777777777778,0.5555555555555556,0.3333333333333333,0.6666666666666666
notabl,9.0,9.0,8.0,0.34615384615384615,0.34615384615384615,0.5,0.5
note,33.0,22.0,10.0,0.3384615384615385,0.5076923076923077,0.4,0.6
novemb,28.0,18.0,11.0,0.3157894736842105,0.49122807017543857,0.391304347826087,0.6086956521739131
number,49.0,17.0,15.0,0.20987654320987653,0.6049382716049383,0.25757575757575757,0.7424242424242424
observ,7.0,3.0,3.0,0.23076923076923078,0.5384615384615384,0.3,0.7
occur,9.0,16.0,11.0,0.4444444444444444,0.25,0.64,0.36
octob,14.0,10.0,8.0,0.3125,0.4375,0.4166666666666667,0.5833333333333334
offer,6.0,2.0,3.0,0.18181818181818182,0.5454545454545454,0.25,0.75
offici,37.0,33.0,7.0,0.42857142857142855,0.4805194805194805,0.4714285714285714,0.5285714285714286
offset,16.0,10.0,2.0,0.35714285714285715,0.5714285714285714,0.38461538461538464,0.6153846153846154
oi,22.0,10.0,22.0,0.18518518518518517,0.4074074074074074,0.3125,0.6875
oil,21.0,13.0,8.0,0.30952380952380953,0.5,0.38235294117647056,0.6176470588235294
one,43.0,27.0,25.0,0.28421052631578947,0.45263157894736844,0.38571428571428573,0.6142857142857143
open,23.0,9.0,11.0,0.20930232558139536,0.5348837209302325,0.28125,0.71875
oper,13.0,4.0,12.0,0.13793103448275862,0.4482758620689655,0.23529411764705882,0.7647058823529411
option,22.0,15.0,19.0,0.26785714285714285,0.39285714285714285,0.40540540540540543,0.5945945945945946
outcom,13.0,4.0,6.0,0.17391304347826086,0.5652173913043478,0.23529411764705882,0.7647058823529411
outlook,42.0,21.0,17.0,0.2625,0.525,0.3333333333333333,0.6666666666666666
output,16.0,12.0,7.0,0.34285714285714286,0.45714285714285713,0.42857142857142855,0.5714285714285714
outturn,7.0,4.0,6.0,0.23529411764705882,0.4117647058823529,0.36363636363636365,0.6363636363636364
overal,32.0,10.0,6.0,0.20833333333333334,0.6666666666666666,0.23809523809523808,0.7619047619047619
overnight,16.0,16.0,19.0,0.3137254901960784,0.3137254901960784,0.5,0.5
oversea,17.0,12.0,6.0,0.34285714285714286,0.4857142857142857,0.41379310344827586,0.5862068965517241
p,7.0,7.0,13.0,0.25925925925925924,0.25925925925925924,0.5,0.5
pace,9.0,10.0,16.0,0.2857142857142857,0.2571428571428571,0.5263157894736842,0.47368421052631576
packag,7.0,5.0,6.0,0.2777777777777778,0.3888888888888889,0.4166666666666667,0.5833333333333334
part,52.0,40.0,26.0,0.3389830508474576,0.4406779661016949,0.43478260869565216,0.5652173913043478
particip,55.0,47.0,30.0,0.3560606060606061,0.4166666666666667,0.46078431372549017,0.5392156862745098
particular,24.0,14.0,19.0,0.24561403508771928,0.42105263157894735,0.3684210526315789,0.631578947368421
particularli,44.0,21.0,18.0,0.25301204819277107,0.5301204819277109,0.3230769230769231,0.676923076923077
partli,31.0,12.0,9.0,0.23076923076923078,0.5961538461538461,0.27906976744186046,0.7209302325581395
pas,4.0,5.0,3.0,0.4166666666666667,0.3333333333333333,0.5555555555555556,0.4444444444444444
past,48.0,33.0,17.0,0.336734693877551,0.4897959183673469,0.4074074074074074,0.5925925925925926
path,30.0,25.0,14.0,0.36231884057971014,0.43478260869565216,0.45454545454545453,0.5454545454545454
pattern,11.0,8.0,2.0,0.38095238095238093,0.5238095238095238,0.42105263157894735,0.5789473684210527
pay,10.0,1.0,4.0,0.06666666666666667,0.6666666666666666,0.09090909090909091,0.9090909090909091
payrol,5.0,2.0,4.0,0.18181818181818182,0.45454545454545453,0.2857142857142857,0.7142857142857143
peak,16.0,10.0,8.0,0.29411764705882354,0.47058823529411764,0.38461538461538464,0.6153846153846154
pension,1.0,7.0,7.0,0.4666666666666667,0.06666666666666667,0.875,0.125
per,6.0,2.0,9.0,0.11764705882352941,0.35294117647058826,0.25,0.75
perceiv,15.0,4.0,11.0,0.13333333333333333,0.5,0.21052631578947367,0.7894736842105263
percentag,13.0,11.0,6.0,0.36666666666666664,0.43333333333333335,0.4583333333333333,0.5416666666666666
percept,25.0,8.0,10.0,0.18604651162790697,0.5813953488372093,0.24242424242424243,0.7575757575757576
perhap,21.0,20.0,7.0,0.4166666666666667,0.4375,0.4878048780487805,0.5121951219512195
period,47.0,27.0,28.0,0.2647058823529412,0.46078431372549017,0.36486486486486486,0.6351351351351351
peripheri,2.0,2.0,12.0,0.125,0.125,0.5,0.5
persist,23.0,8.0,1.0,0.25,0.71875,0.25806451612903225,0.7419354838709677
person,7.0,2.0,2.0,0.18181818181818182,0.6363636363636364,0.2222222222222222,0.7777777777777778
pick,19.0,14.0,13.0,0.30434782608695654,0.41304347826086957,0.42424242424242425,0.5757575757575758
pictur,7.0,5.0,7.0,0.2631578947368421,0.3684210526315789,0.4166666666666667,0.5833333333333334
place,26.0,10.0,16.0,0.19230769230769232,0.5,0.2777777777777778,0.7222222222222222
plan,12.0,5.0,4.0,0.23809523809523808,0.5714285714285714,0.29411764705882354,0.7058823529411765
point,79.0,62.0,45.0,0.3333333333333333,0.42473118279569894,0.4397163120567376,0.5602836879432624
polici,58.0,40.0,40.0,0.2898550724637681,0.42028985507246375,0.40816326530612246,0.5918367346938775
polit,6.0,9.0,4.0,0.47368421052631576,0.3157894736842105,0.6,0.4
poll,17.0,13.0,10.0,0.325,0.425,0.43333333333333335,0.5666666666666667
portfolio,6.0,1.0,8.0,0.06666666666666667,0.4,0.14285714285714285,0.8571428571428571
portugues,2.0,6.0,3.0,0.5454545454545454,0.18181818181818182,0.75,0.25
posit,32.0,25.0,15.0,0.3472222222222222,0.4444444444444444,0.43859649122807015,0.5614035087719298
possibl,62.0,46.0,18.0,0.36507936507936506,0.49206349206349204,0.42592592592592593,0.5740740740740741
post,4.0,1.0,6.0,0.09090909090909091,0.36363636363636365,0.2,0.8
potenti,15.0,11.0,5.0,0.3548387096774194,0.4838709677419355,0.4230769230769231,0.5769230769230769
pre,3.0,6.0,8.0,0.35294117647058826,0.17647058823529413,0.6666666666666666,0.3333333333333333
premia,28.0,9.0,11.0,0.1875,0.5833333333333334,0.24324324324324326,0.7567567567567568
premium,12.0,15.0,2.0,0.5172413793103449,0.41379310344827586,0.5555555555555556,0.4444444444444444
present,8.0,2.0,3.0,0.15384615384615385,0.6153846153846154,0.2,0.8
pressur,33.0,6.0,11.0,0.12,0.66,0.15384615384615385,0.8461538461538461
previou,52.0,34.0,32.0,0.288135593220339,0.4406779661016949,0.3953488372093023,0.6046511627906976
previous,21.0,17.0,8.0,0.3695652173913043,0.45652173913043476,0.4473684210526316,0.5526315789473685
price,99.0,71.0,57.0,0.31277533039647576,0.43612334801762115,0.4176470588235294,0.5823529411764706
primarili,4.0,5.0,2.0,0.45454545454545453,0.36363636363636365,0.5555555555555556,0.4444444444444444
prime,10.0,1.0,0.0,0.09090909090909091,0.9090909090909091,0.09090909090909091,0.9090909090909091
prior,8.0,5.0,12.0,0.2,0.32,0.38461538461538464,0.6153846153846154
privat,17.0,11.0,7.0,0.3142857142857143,0.4857142857142857,0.39285714285714285,0.6071428571428571
probabl,44.0,25.0,15.0,0.2976190476190476,0.5238095238095238,0.36231884057971014,0.6376811594202898
problem,11.0,1.0,4.0,0.0625,0.6875,0.08333333333333333,0.9166666666666666
process,12.0,1.0,2.0,0.06666666666666667,0.8,0.07692307692307693,0.9230769230769231
produc,7.0,2.0,2.0,0.18181818181818182,0.6363636363636364,0.2222222222222222,0.7777777777777778
product,18.0,6.0,6.0,0.2,0.6,0.25,0.75
profit,17.0,6.0,3.0,0.23076923076923078,0.6538461538461539,0.2608695652173913,0.7391304347826086
programm,26.0,10.0,12.0,0.20833333333333334,0.5416666666666666,0.2777777777777778,0.7222222222222222
progress,6.0,3.0,5.0,0.21428571428571427,0.42857142857142855,0.3333333333333333,0.6666666666666666
project,31.0,23.0,15.0,0.3333333333333333,0.4492753623188406,0.42592592592592593,0.5740740740740741
prompt,12.0,6.0,3.0,0.2857142857142857,0.5714285714285714,0.3333333333333333,0.6666666666666666
pronounc,6.0,3.0,5.0,0.21428571428571427,0.42857142857142855,0.3333333333333333,0.6666666666666666
proport,9.0,2.0,1.0,0.16666666666666666,0.75,0.18181818181818182,0.8181818181818182
prospect,32.0,29.0,15.0,0.3815789473684211,0.42105263157894735,0.47540983606557374,0.5245901639344263
protect,12.0,1.0,2.0,0.06666666666666667,0.8,0.07692307692307693,0.9230769230769231
provid,12.0,6.0,2.0,0.3,0.6,0.3333333333333333,0.6666666666666666
public,22.0,25.0,14.0,0.4098360655737705,0.36065573770491804,0.5319148936170213,0.46808510638297873
publish,13.0,6.0,4.0,0.2608695652173913,0.5652173913043478,0.3157894736842105,0.6842105263157895
purchas,34.0,22.0,26.0,0.2682926829268293,0.4146341463414634,0.39285714285714285,0.6071428571428571
push,12.0,7.0,7.0,0.2692307692307692,0.46153846153846156,0.3684210526315789,0.631578947368421
put,13.0,7.0,7.0,0.25925925925925924,0.48148148148148145,0.35,0.65
q,13.0,9.0,11.0,0.2727272727272727,0.3939393939393939,0.4090909090909091,0.5909090909090909
quarter,24.0,12.0,15.0,0.23529411764705882,0.47058823529411764,0.3333333333333333,0.6666666666666666
question,13.0,4.0,2.0,0.21052631578947367,0.6842105263157895,0.23529411764705882,0.7647058823529411
quickli,6.0,5.0,3.0,0.35714285714285715,0.42857142857142855,0.45454545454545453,0.5454545454545454
quit,8.0,6.0,1.0,0.4,0.5333333333333333,0.42857142857142855,0.5714285714285714
rais,27.0,15.0,4.0,0.32608695652173914,0.5869565217391305,0.35714285714285715,0.6428571428571429
rang,42.0,24.0,16.0,0.2926829268292683,0.5121951219512195,0.36363636363636365,0.6363636363636364
rapid,11.0,3.0,2.0,0.1875,0.6875,0.21428571428571427,0.7857142857142857
rate,110.0,80.0,59.0,0.321285140562249,0.44176706827309237,0.42105263157894735,0.5789473684210527
rather,26.0,16.0,9.0,0.3137254901960784,0.5098039215686274,0.38095238095238093,0.6190476190476191
ratio,6.0,3.0,3.0,0.25,0.5,0.3333333333333333,0.6666666666666666
reach,17.0,6.0,16.0,0.15384615384615385,0.4358974358974359,0.2608695652173913,0.7391304347826086
react,7.0,4.0,4.0,0.26666666666666666,0.4666666666666667,0.36363636363636365,0.6363636363636364
reaction,16.0,11.0,15.0,0.2619047619047619,0.38095238095238093,0.4074074074074074,0.5925925925925926
real,40.0,40.0,13.0,0.43010752688172044,0.43010752688172044,0.5,0.5
reason,12.0,10.0,3.0,0.4,0.48,0.45454545454545453,0.5454545454545454
reassess,6.0,9.0,2.0,0.5294117647058824,0.35294117647058826,0.6,0.4
recent,74.0,56.0,35.0,0.3393939393939394,0.4484848484848485,0.4307692307692308,0.5692307692307692
record,10.0,9.0,7.0,0.34615384615384615,0.38461538461538464,0.47368421052631576,0.5263157894736842
recov,11.0,5.0,5.0,0.23809523809523808,0.5238095238095238,0.3125,0.6875
recoveri,10.0,10.0,5.0,0.4,0.4,0.5,0.5
reduc,37.0,19.0,15.0,0.2676056338028169,0.5211267605633803,0.3392857142857143,0.6607142857142857
reduct,30.0,24.0,18.0,0.3333333333333333,0.4166666666666667,0.4444444444444444,0.5555555555555556
referendum,10.0,3.0,3.0,0.1875,0.625,0.23076923076923078,0.7692307692307693
refinanc,9.0,1.0,7.0,0.058823529411764705,0.5294117647058824,0.1,0.9
reflect,81.0,63.0,38.0,0.34615384615384615,0.44505494505494503,0.4375,0.5625
reform,5.0,4.0,2.0,0.36363636363636365,0.45454545454545453,0.4444444444444444,0.5555555555555556
regard,7.0,8.0,6.0,0.38095238095238093,0.3333333333333333,0.5333333333333333,0.4666666666666667
region,9.0,4.0,4.0,0.23529411764705882,0.5294117647058824,0.3076923076923077,0.6923076923076923
rel,61.0,41.0,34.0,0.3014705882352941,0.4485294117647059,0.4019607843137255,0.5980392156862745
relat,26.0,12.0,9.0,0.2553191489361702,0.5531914893617021,0.3157894736842105,0.6842105263157895
releas,19.0,22.0,20.0,0.36065573770491804,0.3114754098360656,0.5365853658536586,0.4634146341463415
remain,77.0,51.0,46.0,0.29310344827586204,0.4425287356321839,0.3984375,0.6015625
renew,9.0,3.0,2.0,0.21428571428571427,0.6428571428571429,0.25,0.75
repo,19.0,8.0,5.0,0.25,0.59375,0.2962962962962963,0.7037037037037037
report,81.0,58.0,41.0,0.32222222222222224,0.45,0.4172661870503597,0.5827338129496403
repres,4.0,7.0,5.0,0.4375,0.25,0.6363636363636364,0.36363636363636365
requir,13.0,5.0,6.0,0.20833333333333334,0.5416666666666666,0.2777777777777778,0.7222222222222222
reserv,14.0,13.0,8.0,0.37142857142857144,0.4,0.48148148148148145,0.5185185185185185
resili,8.0,3.0,2.0,0.23076923076923078,0.6153846153846154,0.2727272727272727,0.7272727272727273
respect,9.0,1.0,9.0,0.05263157894736842,0.47368421052631576,0.1,0.9
respond,20.0,13.0,16.0,0.2653061224489796,0.40816326530612246,0.3939393939393939,0.6060606060606061
respons,27.0,13.0,11.0,0.2549019607843137,0.5294117647058824,0.325,0.675
result,29.0,15.0,11.0,0.2727272727272727,0.5272727272727272,0.3409090909090909,0.6590909090909091
retail,15.0,9.0,10.0,0.2647058823529412,0.4411764705882353,0.375,0.625
return,18.0,13.0,7.0,0.34210526315789475,0.47368421052631576,0.41935483870967744,0.5806451612903226
reuter,33.0,24.0,21.0,0.3076923076923077,0.4230769230769231,0.42105263157894735,0.5789473684210527
revers,21.0,9.0,8.0,0.23684210526315788,0.5526315789473685,0.3,0.7
review,7.0,6.0,3.0,0.375,0.4375,0.46153846153846156,0.5384615384615384
revis,27.0,18.0,12.0,0.3157894736842105,0.47368421052631576,0.4,0.6
rise,71.0,44.0,38.0,0.2875816993464052,0.46405228758169936,0.3826086956521739,0.6173913043478261
risen,80.0,60.0,46.0,0.3225806451612903,0.43010752688172044,0.42857142857142855,0.5714285714285714
risk,71.0,38.0,32.0,0.2695035460992908,0.5035460992907801,0.3486238532110092,0.6513761467889908
riski,16.0,5.0,11.0,0.15625,0.5,0.23809523809523808,0.7619047619047619
riskier,4.0,7.0,0.0,0.6363636363636364,0.36363636363636365,0.6363636363636364,0.36363636363636365
robust,14.0,7.0,5.0,0.2692307692307692,0.5384615384615384,0.3333333333333333,0.6666666666666666
round,8.0,6.0,0.0,0.42857142857142855,0.5714285714285714,0.42857142857142855,0.5714285714285714
rpi,5.0,2.0,6.0,0.15384615384615385,0.38461538461538464,0.2857142857142857,0.7142857142857143
run,18.0,8.0,5.0,0.25806451612903225,0.5806451612903226,0.3076923076923077,0.6923076923076923
safe,5.0,2.0,6.0,0.15384615384615385,0.38461538461538464,0.2857142857142857,0.7142857142857143
sale,16.0,6.0,5.0,0.2222222222222222,0.5925925925925926,0.2727272727272727,0.7272727272727273
save,3.0,9.0,3.0,0.6,0.2,0.75,0.25
scale,11.0,9.0,3.0,0.391304347826087,0.4782608695652174,0.45,0.55
scheme,11.0,0.0,8.0,0.0,0.5789473684210527,0.0,1.0
second,28.0,15.0,7.0,0.3,0.56,0.3488372093023256,0.6511627906976745
sector,51.0,30.0,20.0,0.297029702970297,0.504950495049505,0.37037037037037035,0.6296296296296297
secur,24.0,13.0,9.0,0.2826086956521739,0.5217391304347826,0.35135135135135137,0.6486486486486487
seem,39.0,26.0,10.0,0.3466666666666667,0.52,0.4,0.6
seen,30.0,12.0,22.0,0.1875,0.46875,0.2857142857142857,0.7142857142857143
senior,8.0,2.0,2.0,0.16666666666666666,0.6666666666666666,0.2,0.8
sensit,4.0,5.0,6.0,0.3333333333333333,0.26666666666666666,0.5555555555555556,0.4444444444444444
sentiment,25.0,7.0,13.0,0.15555555555555556,0.5555555555555556,0.21875,0.78125
septemb,22.0,13.0,17.0,0.25,0.4230769230769231,0.37142857142857144,0.6285714285714286
seri,9.0,2.0,5.0,0.125,0.5625,0.18181818181818182,0.8181818181818182
servic,15.0,4.0,4.0,0.17391304347826086,0.6521739130434783,0.21052631578947367,0.7894736842105263
set,13.0,3.0,9.0,0.12,0.52,0.1875,0.8125
sever,18.0,7.0,7.0,0.21875,0.5625,0.28,0.72
share,35.0,38.0,24.0,0.3917525773195876,0.36082474226804123,0.5205479452054794,0.4794520547945205
sharp,32.0,11.0,13.0,0.19642857142857142,0.5714285714285714,0.2558139534883721,0.7441860465116279
sharpli,32.0,13.0,16.0,0.21311475409836064,0.5245901639344263,0.28888888888888886,0.7111111111111111
sheet,13.0,8.0,2.0,0.34782608695652173,0.5652173913043478,0.38095238095238093,0.6190476190476191
shift,11.0,9.0,10.0,0.3,0.36666666666666664,0.45,0.55
shock,8.0,7.0,2.0,0.4117647058823529,0.47058823529411764,0.4666666666666667,0.5333333333333333
short,79.0,56.0,43.0,0.3146067415730337,0.4438202247191011,0.4148148148148148,0.5851851851851851
shorter,12.0,6.0,6.0,0.25,0.5,0.3333333333333333,0.6666666666666666
show,6.0,3.0,8.0,0.17647058823529413,0.35294117647058826,0.3333333333333333,0.6666666666666666
sign,28.0,11.0,14.0,0.20754716981132076,0.5283018867924528,0.28205128205128205,0.717948717948718
signal,9.0,5.0,4.0,0.2777777777777778,0.5,0.35714285714285715,0.6428571428571429
signific,43.0,20.0,22.0,0.23529411764705882,0.5058823529411764,0.31746031746031744,0.6825396825396826
significantli,16.0,11.0,13.0,0.275,0.4,0.4074074074074074,0.5925925925925926
similar,14.0,12.0,11.0,0.32432432432432434,0.3783783783783784,0.46153846153846156,0.5384615384615384
simpli,6.0,6.0,0.0,0.5,0.5,0.5,0.5
sinc,89.0,60.0,50.0,0.3015075376884422,0.4472361809045226,0.40268456375838924,0.5973154362416108
situat,5.0,4.0,5.0,0.2857142857142857,0.35714285714285715,0.4444444444444444,0.5555555555555556
six,14.0,4.0,4.0,0.18181818181818182,0.6363636363636364,0.2222222222222222,0.7777777777777778
size,16.0,6.0,6.0,0.21428571428571427,0.5714285714285714,0.2727272727272727,0.7272727272727273
skew,12.0,2.0,2.0,0.125,0.75,0.14285714285714285,0.8571428571428571
slight,5.0,2.0,5.0,0.16666666666666666,0.4166666666666667,0.2857142857142857,0.7142857142857143
slightli,44.0,31.0,26.0,0.3069306930693069,0.43564356435643564,0.41333333333333333,0.5866666666666667
slow,32.0,10.0,14.0,0.17857142857142858,0.5714285714285714,0.23809523809523808,0.7619047619047619
slowdown,23.0,5.0,5.0,0.15151515151515152,0.696969696969697,0.17857142857142858,0.8214285714285714
slower,8.0,4.0,4.0,0.25,0.5,0.3333333333333333,0.6666666666666666
small,24.0,18.0,11.0,0.33962264150943394,0.4528301886792453,0.42857142857142855,0.5714285714285714
smaller,13.0,3.0,3.0,0.15789473684210525,0.6842105263157895,0.1875,0.8125
softer,2.0,3.0,6.0,0.2727272727272727,0.18181818181818182,0.6,0.4
somewhat,32.0,20.0,16.0,0.29411764705882354,0.47058823529411764,0.38461538461538464,0.6153846153846154
sourc,8.0,2.0,5.0,0.13333333333333333,0.5333333333333333,0.2,0.8
sovereign,14.0,11.0,6.0,0.3548387096774194,0.45161290322580644,0.44,0.56
spain,9.0,1.0,3.0,0.07692307692307693,0.6923076923076923,0.1,0.9
spanish,10.0,2.0,1.0,0.15384615384615385,0.7692307692307693,0.16666666666666666,0.8333333333333334
special,4.0,2.0,5.0,0.18181818181818182,0.36363636363636365,0.3333333333333333,0.6666666666666666
specul,4.0,8.0,1.0,0.6153846153846154,0.3076923076923077,0.6666666666666666,0.3333333333333333
spend,14.0,4.0,4.0,0.18181818181818182,0.6363636363636364,0.2222222222222222,0.7777777777777778
spot,5.0,6.0,5.0,0.375,0.3125,0.5454545454545454,0.45454545454545453
spread,68.0,40.0,32.0,0.2857142857142857,0.4857142857142857,0.37037037037037035,0.6296296296296297
stabil,6.0,6.0,2.0,0.42857142857142855,0.42857142857142855,0.5,0.5
stabilis,6.0,3.0,5.0,0.21428571428571427,0.42857142857142855,0.3333333333333333,0.6666666666666666
stabl,11.0,16.0,8.0,0.45714285714285713,0.3142857142857143,0.5925925925925926,0.4074074074074074
staff,12.0,0.0,8.0,0.0,0.6,0.0,1.0
stage,8.0,1.0,2.0,0.09090909090909091,0.7272727272727273,0.1111111111111111,0.8888888888888888
standard,5.0,8.0,3.0,0.5,0.3125,0.6153846153846154,0.38461538461538464
start,28.0,28.0,10.0,0.42424242424242425,0.42424242424242425,0.5,0.5
state,56.0,54.0,39.0,0.3624161073825503,0.37583892617449666,0.4909090909090909,0.509090909090909
statement,10.0,8.0,4.0,0.36363636363636365,0.45454545454545453,0.4444444444444444,0.5555555555555556
sterl,100.0,78.0,48.0,0.34513274336283184,0.4424778761061947,0.43820224719101125,0.5617977528089888
still,32.0,17.0,10.0,0.288135593220339,0.5423728813559322,0.3469387755102041,0.6530612244897959
stimulu,6.0,10.0,6.0,0.45454545454545453,0.2727272727272727,0.625,0.375
stock,18.0,12.0,4.0,0.35294117647058826,0.5294117647058824,0.4,0.6
stood,9.0,2.0,3.0,0.14285714285714285,0.6428571428571429,0.18181818181818182,0.8181818181818182
stoxx,6.0,3.0,11.0,0.15,0.3,0.3333333333333333,0.6666666666666666
strain,5.0,4.0,3.0,0.3333333333333333,0.4166666666666667,0.4444444444444444,0.5555555555555556
strength,21.0,14.0,5.0,0.35,0.525,0.4,0.6
strengthen,9.0,10.0,4.0,0.43478260869565216,0.391304347826087,0.5263157894736842,0.47368421052631576
stress,13.0,4.0,4.0,0.19047619047619047,0.6190476190476191,0.23529411764705882,0.7647058823529411
strong,32.0,17.0,14.0,0.2698412698412698,0.5079365079365079,0.3469387755102041,0.6530612244897959
stronger,21.0,22.0,11.0,0.4074074074074074,0.3888888888888889,0.5116279069767442,0.4883720930232558
strongli,5.0,6.0,5.0,0.375,0.3125,0.5454545454545454,0.45454545454545453
structur,8.0,5.0,3.0,0.3125,0.5,0.38461538461538464,0.6153846153846154
sub,11.0,3.0,1.0,0.2,0.7333333333333333,0.21428571428571427,0.7857142857142857
subdu,9.0,3.0,1.0,0.23076923076923078,0.6923076923076923,0.25,0.75
subsequ,22.0,9.0,13.0,0.20454545454545456,0.5,0.2903225806451613,0.7096774193548387
substanti,24.0,12.0,12.0,0.25,0.5,0.3333333333333333,0.6666666666666666
suggest,66.0,26.0,41.0,0.19548872180451127,0.49624060150375937,0.2826086956521739,0.717391304347826
summer,15.0,4.0,9.0,0.14285714285714285,0.5357142857142857,0.21052631578947367,0.7894736842105263
suppli,11.0,7.0,5.0,0.30434782608695654,0.4782608695652174,0.3888888888888889,0.6111111111111112
support,25.0,18.0,18.0,0.29508196721311475,0.4098360655737705,0.4186046511627907,0.5813953488372093
surpris,12.0,8.0,11.0,0.25806451612903225,0.3870967741935484,0.4,0.6
survey,40.0,26.0,33.0,0.26262626262626265,0.40404040404040403,0.3939393939393939,0.6060606060606061
sustain,17.0,14.0,3.0,0.4117647058823529,0.5,0.45161290322580644,0.5483870967741935
swap,30.0,19.0,29.0,0.24358974358974358,0.38461538461538464,0.3877551020408163,0.6122448979591837
system,15.0,2.0,0.0,0.11764705882352941,0.8823529411764706,0.11764705882352941,0.8823529411764706
take,22.0,7.0,11.0,0.175,0.55,0.2413793103448276,0.7586206896551724
taken,22.0,12.0,12.0,0.2608695652173913,0.4782608695652174,0.35294117647058826,0.6470588235294118
target,26.0,10.0,13.0,0.20408163265306123,0.5306122448979592,0.2777777777777778,0.7222222222222222
tax,6.0,2.0,3.0,0.18181818181818182,0.5454545454545454,0.25,0.75
temporari,5.0,6.0,5.0,0.375,0.3125,0.5454545454545454,0.45454545454545453
ten,25.0,19.0,28.0,0.2638888888888889,0.3472222222222222,0.4318181818181818,0.5681818181818182
tend,10.0,6.0,6.0,0.2727272727272727,0.45454545454545453,0.375,0.625
tension,11.0,3.0,4.0,0.16666666666666666,0.6111111111111112,0.21428571428571427,0.7857142857142857
term,94.0,73.0,48.0,0.3395348837209302,0.4372093023255814,0.437125748502994,0.562874251497006
thereaft,2.0,2.0,7.0,0.18181818181818182,0.18181818181818182,0.5,0.5
therefor,14.0,7.0,2.0,0.30434782608695654,0.6086956521739131,0.3333333333333333,0.6666666666666666
third,14.0,7.0,5.0,0.2692307692307692,0.5384615384615384,0.3333333333333333,0.6666666666666666
though,22.0,9.0,9.0,0.225,0.55,0.2903225806451613,0.7096774193548387
thought,22.0,7.0,6.0,0.2,0.6285714285714286,0.2413793103448276,0.7586206896551724
three,44.0,27.0,25.0,0.28125,0.4583333333333333,0.38028169014084506,0.6197183098591549
tighten,30.0,13.0,17.0,0.21666666666666667,0.5,0.3023255813953488,0.6976744186046512
time,63.0,47.0,39.0,0.31543624161073824,0.4228187919463087,0.42727272727272725,0.5727272727272728
togeth,18.0,6.0,6.0,0.2,0.6,0.25,0.75
took,5.0,4.0,2.0,0.36363636363636365,0.45454545454545453,0.4444444444444444,0.5555555555555556
total,14.0,3.0,11.0,0.10714285714285714,0.5,0.17647058823529413,0.8235294117647058
toward,18.0,8.0,11.0,0.21621621621621623,0.4864864864864865,0.3076923076923077,0.6923076923076923
trade,34.0,18.0,22.0,0.24324324324324326,0.4594594594594595,0.34615384615384615,0.6538461538461539
transact,6.0,5.0,1.0,0.4166666666666667,0.5,0.45454545454545453,0.5454545454545454
treasuri,10.0,10.0,8.0,0.35714285714285715,0.35714285714285715,0.5,0.5
trend,15.0,9.0,9.0,0.2727272727272727,0.45454545454545453,0.375,0.625
trigger,9.0,7.0,1.0,0.4117647058823529,0.5294117647058824,0.4375,0.5625
trough,3.0,7.0,7.0,0.4117647058823529,0.17647058823529413,0.7,0.3
turbul,10.0,3.0,3.0,0.1875,0.625,0.23076923076923078,0.7692307692307693
turn,16.0,5.0,15.0,0.1388888888888889,0.4444444444444444,0.23809523809523808,0.7619047619047619
twelv,17.0,8.0,11.0,0.2222222222222222,0.4722222222222222,0.32,0.68
two,32.0,19.0,15.0,0.2878787878787879,0.48484848484848486,0.37254901960784315,0.6274509803921569
u,64.0,46.0,36.0,0.3150684931506849,0.4383561643835616,0.41818181818181815,0.5818181818181818
uk,79.0,64.0,45.0,0.3404255319148936,0.42021276595744683,0.44755244755244755,0.5524475524475524
uncertain,9.0,5.0,4.0,0.2777777777777778,0.5,0.35714285714285715,0.6428571428571429
uncertainti,34.0,22.0,14.0,0.3142857142857143,0.4857142857142857,0.39285714285714285,0.6071428571428571
unchang,34.0,28.0,22.0,0.3333333333333333,0.40476190476190477,0.45161290322580644,0.5483870967741935
unclear,10.0,9.0,0.0,0.47368421052631576,0.5263157894736842,0.47368421052631576,0.5263157894736842
underli,16.0,7.0,5.0,0.25,0.5714285714285714,0.30434782608695654,0.6956521739130435
underpin,6.0,4.0,3.0,0.3076923076923077,0.46153846153846156,0.4,0.6
unemploy,8.0,2.0,12.0,0.09090909090909091,0.36363636363636365,0.2,0.8
union,11.0,8.0,7.0,0.3076923076923077,0.4230769230769231,0.42105263157894735,0.5789473684210527
unit,76.0,66.0,46.0,0.35106382978723405,0.40425531914893614,0.4647887323943662,0.5352112676056338
unlik,6.0,3.0,2.0,0.2727272727272727,0.5454545454545454,0.3333333333333333,0.6666666666666666
unsecur,18.0,7.0,10.0,0.2,0.5142857142857142,0.28,0.72
unusu,8.0,10.0,6.0,0.4166666666666667,0.3333333333333333,0.5555555555555556,0.4444444444444444
unwind,8.0,6.0,6.0,0.3,0.4,0.42857142857142855,0.5714285714285714
unwound,7.0,3.0,6.0,0.1875,0.4375,0.3,0.7
upsid,7.0,2.0,3.0,0.16666666666666666,0.5833333333333334,0.2222222222222222,0.7777777777777778
upward,17.0,17.0,7.0,0.4146341463414634,0.4146341463414634,0.5,0.5
use,19.0,11.0,7.0,0.2972972972972973,0.5135135135135135,0.36666666666666664,0.6333333333333333
usual,6.0,3.0,2.0,0.2727272727272727,0.5454545454545454,0.3333333333333333,0.6666666666666666
valu,17.0,9.0,5.0,0.2903225806451613,0.5483870967741935,0.34615384615384615,0.6538461538461539
variou,7.0,7.0,1.0,0.4666666666666667,0.4666666666666667,0.5,0.5
via,6.0,1.0,4.0,0.09090909090909091,0.5454545454545454,0.14285714285714285,0.8571428571428571
view,32.0,30.0,20.0,0.36585365853658536,0.3902439024390244,0.4838709677419355,0.5161290322580645
volatil,50.0,32.0,31.0,0.2831858407079646,0.4424778761061947,0.3902439024390244,0.6097560975609756
volum,9.0,4.0,5.0,0.2222222222222222,0.5,0.3076923076923077,0.6923076923076923
vote,8.0,3.0,4.0,0.2,0.5333333333333333,0.2727272727272727,0.7272727272727273
vulner,10.0,2.0,0.0,0.16666666666666666,0.8333333333333334,0.16666666666666666,0.8333333333333334
wage,8.0,3.0,2.0,0.23076923076923078,0.6153846153846154,0.2727272727272727,0.7272727272727273
way,5.0,2.0,4.0,0.18181818181818182,0.45454545454545453,0.2857142857142857,0.7142857142857143
weak,23.0,13.0,7.0,0.3023255813953488,0.5348837209302325,0.3611111111111111,0.6388888888888888
weaken,19.0,11.0,9.0,0.28205128205128205,0.48717948717948717,0.36666666666666664,0.6333333333333333
weaker,27.0,12.0,12.0,0.23529411764705882,0.5294117647058824,0.3076923076923077,0.6923076923076923
wealth,8.0,3.0,2.0,0.23076923076923078,0.6153846153846154,0.2727272727272727,0.7272727272727273
week,11.0,4.0,7.0,0.18181818181818182,0.5,0.26666666666666666,0.7333333333333333
weight,23.0,12.0,15.0,0.24,0.46,0.34285714285714286,0.6571428571428571
well,30.0,16.0,16.0,0.25806451612903225,0.4838709677419355,0.34782608695652173,0.6521739130434783
whether,23.0,11.0,5.0,0.28205128205128205,0.5897435897435898,0.3235294117647059,0.6764705882352942
whole,16.0,14.0,10.0,0.35,0.4,0.4666666666666667,0.5333333333333333
wholesal,4.0,4.0,9.0,0.23529411764705882,0.23529411764705882,0.5,0.5
wide,14.0,11.0,2.0,0.4074074074074074,0.5185185185185185,0.44,0.56
widen,25.0,13.0,10.0,0.2708333333333333,0.5208333333333334,0.34210526315789475,0.6578947368421053
wider,9.0,1.0,4.0,0.07142857142857142,0.6428571428571429,0.1,0.9
widespread,5.0,2.0,4.0,0.18181818181818182,0.45454545454545453,0.2857142857142857,0.7142857142857143
withdraw,8.0,6.0,5.0,0.3157894736842105,0.42105263157894735,0.42857142857142855,0.5714285714285714
within,16.0,21.0,10.0,0.44680851063829785,0.3404255319148936,0.5675675675675675,0.43243243243243246
work,10.0,5.0,5.0,0.25,0.5,0.3333333333333333,0.6666666666666666
world,14.0,15.0,3.0,0.46875,0.4375,0.5172413793103449,0.4827586206896552
would,84.0,46.0,35.0,0.2787878787878788,0.509090909090909,0.35384615384615387,0.6461538461538462
year,94.0,62.0,50.0,0.30097087378640774,0.4563106796116505,0.3974358974358974,0.6025641025641025
yen,9.0,10.0,5.0,0.4166666666666667,0.375,0.5263157894736842,0.47368421052631576
yet,15.0,6.0,2.0,0.2608695652173913,0.6521739130434783,0.2857142857142857,0.7142857142857143
yield,63.0,61.0,44.0,0.3630952380952381,0.375,0.49193548387096775,0.5080645161290323
